[
   {
      "id": "011218b4-ac07-4d69-92c9-a27976481138",
      "title": "Decoração",
      "description": "Decoração de interiores",
      "price": 8000,
      "paymentMethods": "[\"PayPal\",\"boleto\"]",
      "dueDate": "2021-12-30 00:00:00",
      "taken": true,
      "apiKeyId": "291b2d5d-77e2-402f-8bbb-635e73274daf"
   },
   {
      "id": "01a314a5-3a47-4367-b3e5-25318feb655a",
      "title": "Web design",
      "description": "Implementador de páginas web",
      "price": 2000,
      "paymentMethods": "[\"Cartão de Crédito\",\"Cartão de Débito\",\"PayPal\",\"Boleto\"]",
      "dueDate": "2021-10-16 00:00:00",
      "taken": false,
      "apiKeyId": "144134a4-8efa-4b2e-a4d4-0b0d41b25795"
   },
   {
      "id": "0483c382-9f23-4da5-9cd4-47716f423a2a",
      "title": "Troca de óleo",
      "description": "Troco o óleo do seu carro em domicílio.",
      "price": 50,
      "paymentMethods": "[\"Pix\",\"Credito\"]",
      "dueDate": "2021-07-01 00:00:00",
      "taken": false,
      "apiKeyId": "443f858a-a927-422d-92b0-72fb5eeab0da"
   },
   {
      "id": "06b6dbde-c937-4458-8503-ab23f23e2615",
      "title": "Aula de patinação no gelo",
      "description": "Patinação em gelo imaginário. O meu para um pais tropical.",
      "price": 80,
      "paymentMethods": "[\"\",\"\",\"boleto\",\"pix\"]",
      "dueDate": "2021-08-01 00:00:00",
      "taken": false,
      "apiKeyId": "6b5d3ade-aeb6-4364-91fa-b9a319e476c5"
   },
   {
      "id": "0c31a56a-738f-40c2-a05c-021a4ae48d03",
      "title": "Jogador profissional de caxeta",
      "description": "Jogador com experiência. Acostumado a ambientes de boteco. Tolerante a altas doses de álcool",
      "price": 100,
      "paymentMethods": "[\"PayPal\",\"boleto\"]",
      "dueDate": "2021-12-30 00:00:00",
      "taken": false,
      "apiKeyId": "6bc64d0f-679d-49ae-bc9d-794b076c84b7"
   },
   {
      "id": "14f20975-e1aa-4f0c-ad57-1e09f2f51548",
      "title": "Ateio fogo na caixa d'água",
      "description": "Ateio fogo na caixa d'água. Melhor serviço de sampa e região.",
      "price": 100,
      "paymentMethods": "[\"Pix\"]",
      "dueDate": "2021-08-08 00:00:00",
      "taken": false,
      "apiKeyId": "144134a4-8efa-4b2e-a4d4-0b0d41b25795"
   }, {
      "id": "152bf972-b10f-410a-9d97-9b36d2aa5f66",
      "title": "Conserto de Encanamentos",
      "description": "Eu sou encanadora",
      "price": 400,
      "paymentMethods": "[\"Cartão de Débito\",\"PayPal\",\"Pix\"]",
      "dueDate": "2021-07-22 00:00:00",
      "taken": false,
      "apiKeyId": "144134a4-8efa-4b2e-a4d4-0b0d41b25795"
   },
   {
      "id": "154f1e0d-0b40-4b1d-8180-4a077ebb8c14",
      "title": "Luta na lama",
      "description": "Lute sujo, lute na lama!",
      "price": 80,
      "paymentMethods": "[\"\",\"\",\"Boleto\",\"Pix\"]",
      "dueDate": "2021-09-30 00:00:00",
      "taken": false,
      "apiKeyId": "6b5d3ade-aeb6-4364-91fa-b9a319e476c5"
   },
   {
      "id": "17404568-14dc-42e6-90b3-33b2d783f516",
      "title": "Limpeza de casa",
      "description": "Fazemos a limpeza de toda a sua residência em um turno. Isso mesmo, não importa o tamanho do imóvel!",
      "price": 350,
      "paymentMethods": "[\"PayPal\"]",
      "dueDate": "2021-10-01 00:00:00",
      "taken": false,
      "apiKeyId": "5e9ba3a2-d166-4a52-8346-f043364056fd"
   },
   {
      "id": "17a68a67-5534-4737-83c1-ced2c305b350",
      "title": "Tecnologia",
      "description": "Desenvolvedor Front",
      "price": 100,
      "paymentMethods": "[\"Boleto\"]",
      "dueDate": "2021-06-25 00:00:00",
      "taken": true,
      "apiKeyId": "e857c53a-24f4-4fb0-801b-ff6226302fca"
   }, {
      "id": "1a217091-7ebc-48e1-9be2-a997159f4750",
      "title": "Banners para loja virtual",
      "description": "Desenvolvo banners profissionais e atraentes para loja virtual de roupas nas medidas que forem acordadas no fechamento do projeto.",
      "price": 50,
      "paymentMethods": "[\"PayPal\",\"boleto\"]",
      "dueDate": "2021-07-15 00:00:00",
      "taken": false,
      "apiKeyId": "443f858a-a927-422d-92b0-72fb5eeab0da"
   }, {
      "id": "1af12657-dd57-495e-a872-d7aad18346a3",
      "title": "Aulas de inglês",
      "description": "Aulas de inglês à domicílio",
      "price": 50,
      "paymentMethods": "[\"Pix\"]",
      "dueDate": "2021-09-08 00:00:00",
      "taken": false,
      "apiKeyId": "8f358eda-ff93-4ae6-9905-c06d326e4ad8"
   },{
      "id": "1b93f89c-ce91-49fb-981c-8b149d841fce",
      "title": "Webfullstack",
      "description": "Design de sites web",
      "price": 2000,
      "paymentMethods": "[\"cartao\"]",
      "dueDate": "2222-10-10 00:00:00",
      "taken": false,
      "apiKeyId": "8f358eda-ff93-4ae6-9905-c06d326e4ad8"
   }, {
      "id": "1c24f9eb-ec57-4219-9133-978e570d4619",
      "title": "Web Designer",
      "description": "Desenvolvimento de lojas virtuais",
      "price": 3150,
      "paymentMethods": "[\"PayPal\",\"boleto\"]",
      "dueDate": "2021-12-30 00:00:00",
      "taken": false,
      "apiKeyId": "291b2d5d-77e2-402f-8bbb-635e73274daf"
   }, {
      "id": "2213a350-b696-4534-9877-cc247534ed64",
      "title": "Abraços Quentinhos",
      "description": "Dou abraços muito quentinhos e gostosos",
      "price": 10,
      "paymentMethods": "[\"Cartão de Débito\",\"PayPal\",\"Pix\"]",
      "dueDate": "2021-07-31 00:00:00",
      "taken": false,
      "apiKeyId": "144134a4-8efa-4b2e-a4d4-0b0d41b25795"
   },{
      "id": "23b43955-65b1-4a1d-9b2d-9034e6dbe403",
      "title": "Corto seu cabelo",
      "description": "Corto em vários estilos. Meu diferencial é cantar(Só canto musicas do Ed Motta) para os cliente enquanto corto o seu cabelo. Também vou a sua residência se assim preferir",
      "price": 30,
      "paymentMethods": "[\"Paypal\",\"Boleto\"]",
      "dueDate": "2021-06-28 00:00:00",
      "taken": false,
      "apiKeyId": "443f858a-a927-422d-92b0-72fb5eeab0da"
   },{
      "id": "23b6834e-b35e-4425-9502-d5db84523537",
      "title": "Ninja",
      "description": "Discreto. Eficaz. Caro.",
      "price": 500000,
      "paymentMethods": "[\"BTC\"]",
      "dueDate": "2021-08-31 00:00:00",
      "taken": false,
      "apiKeyId": "6bc64d0f-679d-49ae-bc9d-794b076c84b7"
   },{
      "id": "26d91654-e46c-41be-8a4a-15502a69f329",
      "title": "Mergulhador",
      "description": "Recupero joias no fundo do mar",
      "price": 100,
      "paymentMethods": "[\"Mercado Pago\",\"PicPay\"]",
      "dueDate": "2024-07-14 00:00:00",
      "taken": false,
      "apiKeyId": "e2190c39-7930-4db4-870b-bed0e5e4b88e"
   }, {
      "id": "28efa53a-b9fc-417e-91f6-047b7ceddfd4",
      "title": "Dog Sitter",
      "description": "Cuidar de dogs",
      "price": 10,
      "paymentMethods": "[\"cartão de débito\"]",
      "dueDate": "2021-08-31 00:00:00",
      "taken": false,
      "apiKeyId": "6a92c60e-5cc8-4cdd-b60a-7e55a0798b10"
   },{
      "id": "2a79bbac-3a1f-46cf-a7b4-10852cd4874f",
      "title": "Professora",
      "description": "Aulas particulares",
      "price": 100,
      "paymentMethods": "[\"Cartão de Débito\",\"Pix\",\"PayPal\",\"Boleto\"]",
      "dueDate": "2021-08-28 00:00:00",
      "taken": false,
      "apiKeyId": "144134a4-8efa-4b2e-a4d4-0b0d41b25795"
   },{
      "id": "2cebb228-40a5-433f-9e12-dcc1766b49a3",
      "title": "Carpinteiro",
      "description": "Casas, Paredes, oficinas",
      "price": 2000,
      "paymentMethods": "[\"Cartão de Crédito\",\"Boleto\"]",
      "dueDate": "2021-08-13 00:00:00",
      "taken": false,
      "apiKeyId": "089c363c-2449-490e-9e13-234a13327ac2"
   }, {
      "id": "2d412bbe-2239-452d-907a-45c4a2aa19d7",
      "title": "Carro",
      "description": "Reparos Elétricos",
      "price": 200,
      "paymentMethods": "[\"PayPal\"]",
      "dueDate": "2021-06-30 00:00:00",
      "taken": false,
      "apiKeyId": "144134a4-8efa-4b2e-a4d4-0b0d41b25795"
   }, {
      "id": "2f65e347-1b4a-4b9b-9e71-0c88acce0735",
      "title": "Degustador de cervejas artesanais",
      "description": "Degusto, de maneira profissional, cervejas criadas por cervejarias artesanais.",
      "price": 45,
      "paymentMethods": "[\"Cartão de crédito\",\"Cartão de Débito\",\"Pix\",\"PayPal\",\"Boleto\"]",
      "dueDate": "2021-08-05 00:00:00",
      "taken": false,
      "apiKeyId": "144134a4-8efa-4b2e-a4d4-0b0d41b25795"
   }, {
      "id": "31b080d7-3d98-47b9-841e-b9a7a4e7eccf",
      "title": "Dev",
      "description": "Devendo",
      "price": 3,
      "paymentMethods": "[\"Cartão de Débito\"]",
      "dueDate": "2021-08-03 00:00:00",
      "taken": false,
      "apiKeyId": "144134a4-8efa-4b2e-a4d4-0b0d41b25795"
   },{
      "id": "32fd0877-d50b-43fb-9306-1a62696c01cb",
      "title": "Croché",
      "description": "Aprenda a fazer croché igual a sua avó",
      "price": 35,
      "paymentMethods": "[\"dinheiro\",\"Cartão\",\"\",\"\"]",
      "dueDate": "2021-10-21 00:00:00",
      "taken": false,
      "apiKeyId": "6b5d3ade-aeb6-4364-91fa-b9a319e476c5"
   },  {
      "id": "33be6515-b30b-4937-b5c6-5e3c94f7ffac",
      "title": "Conserto de Bugs",
      "description": "Eu conserto seus bugs",
      "price": 1000,
      "paymentMethods": "[\"boleto\",\"credito\",\"debito\",\"pix\"]",
      "dueDate": "2021-06-25 00:00:00",
      "taken": false,
      "apiKeyId": "e2190c39-7930-4db4-870b-bed0e5e4b88e"
   },{
      "id": "3449cdcd-a51c-4192-a199-ecc64d032a05",
      "title": "Consultoria Jurídica - Separação de Bens",
      "description": "Quer separar e garantir uma separação justa (ou não)de bens? No mercado há 15 anos atuando na área",
      "price": 2000,
      "paymentMethods": "[\"PayPal\",\"boleto\",\"Cartão de Crédito\",\"Cartão de Débito\"]",
      "dueDate": "2021-12-29 00:00:00",
      "taken": true,
      "apiKeyId": "61bdcdc0-0989-4725-a3ed-866622e42097"
   }, {
      "id": "3e5be857-fc13-4e76-9df5-d51fe57f3386",
      "title": "Fretes",
      "description": "Mudanças e fretes",
      "price": 320,
      "paymentMethods": "[\"cartão de crédito\"]",
      "dueDate": "2021-08-18 00:00:00",
      "taken": false,
      "apiKeyId": "6a92c60e-5cc8-4cdd-b60a-7e55a0798b10"
   },  {
      "id": "43237717-b01a-459e-9b98-044ae2671192",
      "title": "Aula de golf",
      "description": "Venha jogar golf",
      "price": 500,
      "paymentMethods": "[\"\",\"cartão\",\"boleto\",\"\"]",
      "dueDate": "2023-08-12 00:00:00",
      "taken": false,
      "apiKeyId": "6b5d3ade-aeb6-4364-91fa-b9a319e476c5"
   }, {
      "id": "43a24ea0-0f55-4556-8d12-4eebc4df5632",
      "title": "Bugfixer",
      "description": "Serviço de detecção e solução de bugs em códigos javascript",
      "price": 500,
      "paymentMethods": "[\"Cartão de Débito\"]",
      "dueDate": "2021-10-15 00:00:00",
      "taken": false,
      "apiKeyId": "8f358eda-ff93-4ae6-9905-c06d326e4ad8"
   }, {
      "id": "43aeee41-3f84-446e-a618-9e3c18793249",
      "title": "Aula de JavaScript",
      "description": "Na aula de JavaScript aprenderemos a desenvolver páginas web e apps!! =)",
      "price": 1500,
      "paymentMethods": "[\"PayPal\",\"Boleto\"]",
      "dueDate": "2021-08-30 00:00:00",
      "taken": false,
      "apiKeyId": "5e9ba3a2-d166-4a52-8346-f043364056fd"
   }, {
      "id": "463f83c4-c2eb-444c-bce5-f6c36b2bce48",
      "title": "Medição de rua",
      "description": "Faço a medição da sua rua.",
      "price": 30,
      "paymentMethods": "[\"Pix\"]",
      "dueDate": "2021-06-29 00:00:00",
      "taken": false,
      "apiKeyId": "443f858a-a927-422d-92b0-72fb5eeab0da"
   }, {
      "id": "4f10035d-07c5-4bbc-a9ee-fb6c2f0c2c42",
      "title": "Boxe inglês",
      "description": "O boxe ou pugilismo é um esporte de combate, no qual os lutadores usam apenas os punhos, tanto para a defesa, quanto para o ataque.",
      "price": 80,
      "paymentMethods": "[\"dinheiro\",\"\",\"\",\"pix\"]",
      "dueDate": "2021-05-30 00:00:00",
      "taken": false,
      "apiKeyId": "6b5d3ade-aeb6-4364-91fa-b9a319e476c5"
   },{
      "id": "51c26965-6d11-4302-97fa-afcbf120e990",
      "title": "cat sitter",
      "description": "Cuidar de gatos",
      "price": 20,
      "paymentMethods": "[\"cartão de crédito\"]",
      "dueDate": "2021-08-31 00:00:00",
      "taken": false,
      "apiKeyId": "6a92c60e-5cc8-4cdd-b60a-7e55a0798b10"
   }, {
      "id": "5247296e-a28e-468f-896f-d79559418259",
      "title": "Fotografia",
      "description": "Eventos, ensaios...",
      "price": 250,
      "paymentMethods": "[\"PIX\"]",
      "dueDate": "2021-08-25 00:00:00",
      "taken": false,
      "apiKeyId": "6a92c60e-5cc8-4cdd-b60a-7e55a0798b10"
   },{
      "id": "52f326b9-8b58-44e8-90bc-2b36973de611",
      "title": "Aulas de inglês",
      "description": "Aula de inglês focada em conversação com duração de 1h.",
      "price": 60,
      "paymentMethods": "[\"PayPal\",\"pix\"]",
      "dueDate": "2021-08-20 00:00:00",
      "taken": true,
      "apiKeyId": "e2190c39-7930-4db4-870b-bed0e5e4b88e"
   }, {
      "id": "57cceddd-79da-41bd-a429-0e3e54fe9d3d",
      "title": "Aulas de Musica",
      "description": "Ensinança de teoria musical",
      "price": 150,
      "paymentMethods": "[\"Pix\",\"Boleto\"]",
      "dueDate": "2021-08-05 00:00:00",
      "taken": false,
      "apiKeyId": "089c363c-2449-490e-9e13-234a13327ac2"
   },{
      "id": "5f57eb4d-d729-4396-ada2-da1e7e5d92e1",
      "title": "Bombeiro",
      "description": "apaga fogo",
      "price": 100,
      "paymentMethods": "[\"PayPal\"]",
      "dueDate": "2024-02-13 00:00:00",
      "taken": false,
      "apiKeyId": "65cd8b44-bc64-4203-8eda-5e79cb914ff7"
   }, {
      "id": "61cf6322-9ba6-414c-9454-b8d2b161c5e6",
      "title": "Lava-jato",
      "description": "serviço de lavagem de carro",
      "price": 30,
      "paymentMethods": "[\"cartao\"]",
      "dueDate": "2222-10-10 00:00:00",
      "taken": false,
      "apiKeyId": "8f358eda-ff93-4ae6-9905-c06d326e4ad8"
   }, {
      "id": "695d14d8-3e55-4bc0-9e08-1ebc4fdbdd1a",
      "title": "Conversão Terraformista",
      "description": "Vou te transformar em terraplanista",
      "price": 1200,
      "paymentMethods": "[\"BTC\"]",
      "dueDate": "2021-08-12 00:00:00",
      "taken": false,
      "apiKeyId": "6bc64d0f-679d-49ae-bc9d-794b076c84b7"
   },{
      "id": "6e645239-e347-4e42-a158-555e9688a310",
      "title": "Fofoca",
      "description": "A melhor",
      "price": 30,
      "paymentMethods": "[\"dinheiro\"]",
      "dueDate": "2025-08-05 00:00:00",
      "taken": false,
      "apiKeyId": "6b5d3ade-aeb6-4364-91fa-b9a319e476c5"
   }, {
      "id": "731fbf0d-5aa0-43fc-9f33-a49aa51d7de2",
      "title": "Aula de Piano",
      "description": "Aula de piano para iniciantes. Aulas online via teclado.",
      "price": 50,
      "paymentMethods": "[\"dinheiro\",\"cartão\",\"boleto\",\"pix\"]",
      "dueDate": "2023-06-05 00:00:00",
      "taken": false,
      "apiKeyId": "6b5d3ade-aeb6-4364-91fa-b9a319e476c5"
   }, {
      "id": "7b43e593-8823-4605-8a5e-4a0213a4ea83",
      "title": "Aula de JS",
      "description": "dar aula de js",
      "price": 300,
      "paymentMethods": "[\"dinheiro\",\"Cartão\",\"Boleto\",\"\"]",
      "dueDate": "2021-06-09 00:00:00",
      "taken": false,
      "apiKeyId": "6b5d3ade-aeb6-4364-91fa-b9a319e476c5"
   }, {
      "id": "7d035e7b-7bca-42f7-b8d6-367bc632b708",
      "title": "Churrasqueiro",
      "description": "Faço um churrasco top, venha com o carvão, a carne e a churrasqueira.",
      "price": 171,
      "paymentMethods": "[\"Pix\"]",
      "dueDate": "2021-08-11 00:00:00",
      "taken": false,
      "apiKeyId": "144134a4-8efa-4b2e-a4d4-0b0d41b25795"
   },{
      "id": "808dac83-b7aa-40f0-9273-a225b7b0a922",
      "title": "professor",
      "description": "professor particular de inglês",
      "price": 60,
      "paymentMethods": "[\"Boleto\"]",
      "dueDate": "2021-09-22 00:00:00",
      "taken": false,
      "apiKeyId": "4745d3c0-0322-4115-a687-0feabac3c6e8"
   },{
      "id": "85e30b5c-995b-4da4-aa4a-7cf3e80a2d3f",
      "title": "Criação de Apps IOS",
      "description": "Sou criador de aplicativos mobile para IOS. ",
      "price": 500,
      "paymentMethods": "[\"PayPal\"]",
      "dueDate": "2021-07-29 00:00:00",
      "taken": false,
      "apiKeyId": "f7402425-2752-4496-810f-b228d56e2527"
   }, {
      "id": "90e67a5d-536c-4387-a5f9-022a99658b29",
      "title": "Professor de violão",
      "description": "Ensino a tocar violão do básico ao avançado",
      "price": 0,
      "paymentMethods": "[\"PayPal\",\"boleto\"]",
      "dueDate": "2021-08-17 00:00:00",
      "taken": false,
      "apiKeyId": "4f9c2d97-2843-4e14-93e6-a184b9a379d8"
   }, {
      "id": "911e21f7-7940-4d44-ad74-207136d77e6c",
      "title": "Aula de música",
      "description": "Aula maneira de música",
      "price": 500,
      "paymentMethods": "[\"dinheiro\",\"\",\"\",\"\"]",
      "dueDate": "2021-05-29 00:00:00",
      "taken": false,
      "apiKeyId": "6b5d3ade-aeb6-4364-91fa-b9a319e476c5"
   },{
      "id": "93466ecc-c8bb-4285-86e0-814ff3622707",
      "title": "forte",
      "description": "abrac",
      "price": 3,
      "paymentMethods": "[\"Cartão de Débito\"]",
      "dueDate": "2021-09-23 00:00:00",
      "taken": false,
      "apiKeyId": "144134a4-8efa-4b2e-a4d4-0b0d41b25795"
   },{
      "id": "a04354a8-f390-4fa2-beca-00ee5f9e23c9",
      "title": "Platinador de Games",
      "description": "Platinarei cada game seu para aumentar sua pontuação na plataforma",
      "price": 15,
      "paymentMethods": "[\"Dinheiro\",\"Pix\"]",
      "dueDate": "2021-09-03 00:00:00",
      "taken": false,
      "apiKeyId": "c03cb581-2da0-46e1-8c68-f52ae660c907"
   }, {
      "id": "cb64dfa5-5b17-48b1-ae22-97e2d74d64aa",
      "title": "Aula de tango",
      "description": "Apreenda a dançar em apenas 1 aula",
      "price": 50,
      "paymentMethods": "[\"boleto\"]",
      "dueDate": "2021-10-08 00:00:00",
      "taken": false,
      "apiKeyId": "6b5d3ade-aeb6-4364-91fa-b9a319e476c5"
   }, {
      "id": "ea4d55ae-56fd-4509-8d81-5d936b3d878b",
      "title": "Garçom",
      "description": "Servir comida e bebidas",
      "price": 50,
      "paymentMethods": "[\"cartão de crédito\"]",
      "dueDate": "2021-08-31 00:00:00",
      "taken": false,
      "apiKeyId": "6a92c60e-5cc8-4cdd-b60a-7e55a0798b10"
   },{
      "id": "f1022cc5-57a2-4449-bbd4-8bd9a6375c7c",
      "title": "Yoga",
      "description": "Aula de Yoga para todas as idades",
      "price": 100,
      "paymentMethods": "[\"dinheiro\",\"\",\"\",\"\"]",
      "dueDate": "2021-06-24 00:00:00",
      "taken": false,
      "apiKeyId": "6b5d3ade-aeb6-4364-91fa-b9a319e476c5"
   },{
      "id": "f2ecba7b-e4f0-4a5d-8901-e2e6ac7ff9a8",
      "title": "Cuidadora de doguinhos",
      "description": "cuido do seu dog",
      "price": 1000,
      "paymentMethods": "[\"Cartão de Débito\",\"Cartão de Crédito\",\"Pix\"]",
      "dueDate": "2021-08-28 00:00:00",
      "taken": false,
      "apiKeyId": "553d7058-9437-416b-b020-7eaaa0867ceb"
   }
]